Generation, Best_Individual, Best_Fitness, Worst_Individual, Worst_Fitness, Avg_Fitness, Var_Fitness, StdDev_Fitness, Med_Fitness
0, WBOSGLEQBRCYQFD, 0.2087915688753128, BPCSLDFDWIVGGLX, -0.6099787354469299, -0.16105225440114737, 0.08029813845883042, 0.28336926166899334, -0.04127955064177513
1, TBOSGLEQBRCYQST, 0.1857006549835205, OGMXQJNKEQEZELH, -0.5620484352111816, -0.08236371427774429, 0.046598284089330665, 0.21586635701130147, -0.03002416528761387
2, TBOBFQTDJGSJQST, 0.5674005150794983, KRFSGLEQBRCYFIP, -0.1468999683856964, 0.12404592996463179, 0.04217656976865757, 0.20536934963294198, 0.01770281046628952
3, HFHHGIIHVMAHGJD, 0.6049162745475769, WBWOZFAJVMANGFD, 0.034708425402641296, 0.2611391957849264, 0.03539029336722136, 0.188123080368203, 0.2843099385499954
4, TBOBGLIHWJCGLST, 0.9617282152175903, WOOSGIIHVMAHLTD, -0.1380804032087326, 0.22246189173310996, 0.12072864595413679, 0.3474602796783206, 0.03403392434120178
