Generation, Best_Individual, Best_Fitness, Worst_Individual, Worst_Fitness, Avg_Fitness, Var_Fitness, StdDev_Fitness, Med_Fitness
0, WBOSGLEQBRCYQFD, 0.2087915688753128, BPCSLDFDWIVGGLX, -0.6099787354469299, -0.16105225440114737, 0.08029813845883042, 0.28336926166899334, -0.04127955064177513
1, WBMOZFAJBRCYQFD, 0.5311790108680725, TDFBFIIDJYGMBST, -0.3125462830066681, 0.06168362908065319, 0.05848825011803632, 0.24184344133764787, 0.03378335013985634
