Generation, Best_Individual, Best_Fitness, Worst_Individual, Worst_Fitness, Avg_Fitness, Var_Fitness, StdDev_Fitness, Med_Fitness
0, WBOSGLEQBRCYQFD, 0.2087915688753128, BPCSLDFDWIVGGLX, -0.6099787354469299, -0.1740581888395051, 0.08063833344317843, 0.2839688952036445, -0.04127955064177513
1, DEMOZFAXPRCYQJO, 0.4904906451702118, KMVXBINOVMAGMYM, -0.5620044469833374, 0.06736421899404377, 0.05844896158457235, 0.2417622004875294, 0.021385032683610916
2, DEXOZFAJBJCLRJS, 0.9515116214752197, QFDHTIIHNMJJGTS, -0.3754640221595764, 0.1790777873247862, 0.06520704810501808, 0.2553567075778862, 0.14123152941465378
3, DEXOZHAJBJCJRJS, 1.234675645828247, QFHHZFRQVMJJGTD, -0.29848700761795044, 0.32515716801087063, 0.1606620846740571, 0.40082675144513136, 0.22888819128274918
4, DEXOZHAJBJCJRJS, 1.234675645828247, DEJOCFAJVUNJQJD, 0.037991415709257126, 0.6696637828523914, 0.20826570057891827, 0.45636137060329535, 0.7050426751375198
