Generation, Best_Individual, Best_Fitness, Worst_Individual, Worst_Fitness, Avg_Fitness, Var_Fitness, StdDev_Fitness, Med_Fitness
0, WSYSHWDZZABXCXC, 0.2623383104801178, BPCSLDFDWIVGGLX, -0.6099787354469299, -0.1482289129635319, 0.07686970816332012, 0.2772538695191108, -0.04127955064177513
1, EABJORRQNDJJHFK, 0.5866817831993103, VYYSHMULPYDGCXM, -0.8547046184539795, 0.008749294793233275, 0.12180326343279733, 0.34900324272533245, 0.05626123398542404
